num_threads,base,ep,epos,spark
1,1016.0,1017.0,990.0,1862.279654
2,675.0,661.66666,605.0,1955.928683
4,482.666,472.0,406.0,1962.573409
8,435.0,419.333,336.333,1961.667418